{
    "Totali": {
        "SVC": 0.8076923076923077,
        "DT": 0.5384615384615384,
        "RF": 0.6538461538461539,
        "NB": 0.6153846153846154,
        "LD": 0.6923076923076923,
        "MLP": 0.7307692307692307
    }
}