{
    "Totali": {
        "SVC": 0.6846153846153846,
        "DT": 0.5846153846153845,
        "RF": 0.6307692307692307,
        "NB": 0.7,
        "LD": 0.6307692307692307,
        "MLP": 0.6769230769230768
    },
    "Totali_with_BMI": {
        "SVC": 0.5769230769230769,
        "DT": 0.6384615384615385,
        "RF": 0.5384615384615385,
        "NB": 0.6923076923076923,
        "LD": 0.6692307692307692,
        "MLP": 0.6461538461538462
    },
    "Totali_with_DATA": {
        "SVC": 0.7461538461538462,
        "DT": 0.7230769230769231,
        "RF": 0.7230769230769231,
        "NB": 0.7307692307692308,
        "LD": 0.7,
        "MLP": 0.7153846153846153
    },
    "Totali_with_DATA_and_BMI": {
        "SVC": 0.7230769230769231,
        "DT": 0.676923076923077,
        "RF": 0.7307692307692308,
        "NB": 0.7615384615384616,
        "LD": 0.7153846153846155,
        "MLP": 0.7538461538461538
    },
    "Details": {
        "SVC": 0.6538461538461539,
        "DT": 0.6,
        "RF": 0.7076923076923076,
        "NB": 0.6307692307692307,
        "LD": 0.6461538461538462,
        "MLP": 0.6076923076923076
    }
}