{
    "Totali": {
        "SVC": 0.8076923076923077,
        "DT": 0.5384615384615384,
        "RF": 0.6923076923076923,
        "NB": 0.5769230769230769,
        "LD": 0.6538461538461539,
        "MLP": 0.7692307692307693
    },
    "Totali_with_BMI": {
        "SVC": 0.7692307692307693,
        "DT": 0.6538461538461539,
        "RF": 0.6923076923076923,
        "NB": 0.7307692307692307,
        "LD": 0.7307692307692307,
        "MLP": 0.6923076923076923
    },
    "Totali_with_DATA": {
        "SVC": 0.7307692307692307,
        "DT": 0.7692307692307693,
        "RF": 0.6538461538461539,
        "NB": 0.6153846153846154,
        "LD": 0.7307692307692307,
        "MLP": 0.8461538461538461
    },
    "Totali_with_DATA_and_BMI": {
        "SVC": 0.6538461538461539,
        "DT": 0.6923076923076923,
        "RF": 0.6538461538461539,
        "NB": 0.6538461538461539,
        "LD": 0.5,
        "MLP": 0.7692307692307693
    },
    "Details": {
        "SVC": 0.8076923076923077,
        "DT": 0.5384615384615384,
        "RF": 0.5384615384615384,
        "NB": 0.6153846153846154,
        "LD": 0.5769230769230769,
        "MLP": 0.7692307692307693
    }
}