{
    "Totali": {
        "SVC": 0.6692307692307693,
        "DT": 0.5076923076923077,
        "RF": 0.6384615384615384,
        "NB": 0.6846153846153846,
        "LD": 0.7,
        "MLP": 0.5923076923076922
    },
    "Totali_with_BMI": {
        "SVC": 0.6230769230769231,
        "DT": 0.6230769230769231,
        "RF": 0.6230769230769231,
        "NB": 0.6923076923076923,
        "LD": 0.6692307692307693,
        "MLP": 0.6692307692307693
    },
    "Totali_with_DATA": {
        "SVC": 0.7615384615384615,
        "DT": 0.6615384615384616,
        "RF": 0.7,
        "NB": 0.7461538461538462,
        "LD": 0.7230769230769231,
        "MLP": 0.7461538461538462
    },
    "Totali_with_DATA_and_BMI": {
        "SVC": 0.7692307692307693,
        "DT": 0.7076923076923078,
        "RF": 0.7,
        "NB": 0.7538461538461539,
        "LD": 0.6692307692307692,
        "MLP": 0.7230769230769231
    },
    "Details": {
        "SVC": 0.6615384615384615,
        "DT": 0.7,
        "RF": 0.6461538461538462,
        "NB": 0.6307692307692307,
        "LD": 0.6,
        "MLP": 0.6307692307692307
    }
}