{
    "Totali": {
        "SVC": 0.6608465608465609,
        "DT": 0.5925925925925926,
        "RF": 0.6296296296296297,
        "NB": 0.6925925925925925,
        "LD": 0.7132275132275132,
        "MLP": 0.6999999999999998
    },
    "Totali_with_BMI": {
        "SVC": 0.6857142857142856,
        "DT": 0.6010582010582011,
        "RF": 0.6386243386243386,
        "NB": 0.6857142857142857,
        "LD": 0.6899470899470899,
        "MLP": 0.6756613756613756
    },
    "Totali_with_DATA": {
        "SVC": 0.7740740740740741,
        "DT": 0.6216931216931216,
        "RF": 0.5682539682539682,
        "NB": 0.729100529100529,
        "LD": 0.729100529100529,
        "MLP": 0.7063492063492063
    },
    "Totali_with_DATA_and_BMI": {
        "SVC": 0.7211640211640211,
        "DT": 0.6513227513227514,
        "RF": 0.6148148148148148,
        "NB": 0.7518518518518518,
        "LD": 0.7206349206349206,
        "MLP": 0.6677248677248676
    },
    "Details": {
        "SVC": 0.6851851851851851,
        "DT": 0.6560846560846562,
        "RF": 0.6544973544973545,
        "NB": 0.6317460317460318,
        "LD": 0.6386243386243386,
        "MLP": 0.5619047619047619
    },
    "Details_reduce_PCA_5_dim": {
        "SVC": 0.6317460317460317,
        "DT": 0.6306878306878306,
        "RF": 0.656084656084656,
        "NB": 0.6708994708994709,
        "LD": 0.6391534391534391,
        "MLP": 0.6386243386243386
    },
    "Details_reduce_PCA_10_dim": {
        "SVC": 0.6317460317460318,
        "DT": 0.6158730158730159,
        "RF": 0.6470899470899472,
        "NB": 0.6703703703703704,
        "LD": 0.6015873015873017,
        "MLP": 0.607936507936508
    },
    "Details_reduce_PCA_13_dim": {
        "SVC": 0.6613756613756614,
        "DT": 0.6497354497354497,
        "RF": 0.6476190476190476,
        "NB": 0.6703703703703704,
        "LD": 0.6402116402116402,
        "MLP": 0.6534391534391535
    },
    "Details_reduce_PCA_15_dim": {
        "SVC": 0.6613756613756614,
        "DT": 0.6301587301587301,
        "RF": 0.6634920634920635,
        "NB": 0.6555555555555556,
        "LD": 0.6783068783068783,
        "MLP": 0.6068783068783069
    }
}