{"Totali": {"SVC": 0.6662189662189663, "DT": 0.5745217745217744, "RF": 0.6468864468864468, "NB": 0.706064306064306, "LD": 0.7192104192104192, "MLP": 0.6475376475376475}, "Totali_with_BMI": {"SVC": 0.6588115588115588, "DT": 0.6610907610907611, "RF": 0.6245828245828245, "NB": 0.69010989010989, "LD": 0.7049247049247049, "MLP": 0.6952380952380952}, "Totali_with_DATA": {"SVC": 0.7477004477004477, "DT": 0.6473341473341474, "RF": 0.6224664224664225, "NB": 0.7271469271469271, "LD": 0.7180708180708181, "MLP": 0.681033781033781}, "Totali_with_BMI_and_DATA": {"SVC": 0.7568579568579568, "DT": 0.6155067155067155, "RF": 0.6690272690272691, "NB": 0.7493691493691493, "LD": 0.7118030118030119, "MLP": 0.7567765567765569}, "Details": {"SVC": 0.718030118030118, "DT": 0.6052910052910052, "RF": 0.6696377696377697, "NB": 0.6359788359788361, "LD": 0.6433862433862434, "MLP": 0.5978835978835978}, "Details_reduce_PCA": {"SVC": 0.663980463980464, "DT": 0.5613756613756613, "RF": 0.6474155474155473, "NB": 0.6678876678876678, "LD": 0.5887260887260887, "MLP": 0.5932844932844933}, "Details_reduced_TSNE": {"SVC": 0.48359788359788364, "DT": 0.4835978835978836, "RF": 0.37912087912087916, "NB": 0.6076516076516076, "LD": 0.40663410663410665, "MLP": 0.53007733007733}}