{
    "Totali": {
        "SVC": 0.6608465608465609,
        "DT": 0.555026455026455,
        "RF": 0.5756613756613757,
        "NB": 0.6925925925925925,
        "LD": 0.7132275132275132,
        "MLP": 0.6619047619047618
    },
    "Totali_with_BMI": {
        "SVC": 0.6687830687830688,
        "DT": 0.5862433862433862,
        "RF": 0.6624338624338625,
        "NB": 0.6857142857142857,
        "LD": 0.6899470899470899,
        "MLP": 0.6523809523809523
    }
}