{
    "Totali": {
        "SVC": 0.6608465608465609,
        "DT": 0.555026455026455,
        "RF": 0.5756613756613757,
        "NB": 0.6925925925925925,
        "LD": 0.7132275132275132,
        "MLP": 0.6619047619047618
    },
    "Totali_with_BMI": {
        "SVC": 0.6687830687830688,
        "DT": 0.5862433862433862,
        "RF": 0.6624338624338625,
        "NB": 0.6857142857142857,
        "LD": 0.6899470899470899,
        "MLP": 0.6523809523809523
    },
    "Totali_with_DATA": {
        "SVC": 0.7746031746031746,
        "DT": 0.5835978835978836,
        "RF": 0.6306878306878306,
        "NB": 0.729100529100529,
        "LD": 0.729100529100529,
        "MLP": 0.7116402116402116
    },
    "Totali_with_DATA_and_BMI": {
        "SVC": 0.7365079365079364,
        "DT": 0.5978835978835979,
        "RF": 0.7137566137566138,
        "NB": 0.7518518518518518,
        "LD": 0.7206349206349206,
        "MLP": 0.6603174603174603
    },
    "Details": {
        "SVC": 0.6857142857142856,
        "DT": 0.607936507936508,
        "RF": 0.6624338624338624,
        "NB": 0.6317460317460318,
        "LD": 0.6386243386243386,
        "MLP": 0.5841269841269842
    },
    "Details_reduce_PCA_5_dim": {
        "SVC": 0.6396825396825396,
        "DT": 0.5396825396825398,
        "RF": 0.5783068783068783,
        "NB": 0.6153439153439153,
        "LD": 0.6470899470899472,
        "MLP": 0.6005291005291006
    },
    "Details_reduce_PCA_10_dim": {
        "SVC": 0.6857142857142856,
        "DT": 0.617989417989418,
        "RF": 0.6370370370370371,
        "NB": 0.6613756613756614,
        "LD": 0.6095238095238096,
        "MLP": 0.6370370370370371
    },
    "Details_reduce_PCA_13_dim": {
        "SVC": 0.6783068783068783,
        "DT": 0.6169312169312169,
        "RF": 0.6772486772486772,
        "NB": 0.6767195767195767,
        "LD": 0.5925925925925927,
        "MLP": 0.655026455026455
    },
    "Details_reduce_PCA_15_dim": {
        "SVC": 0.7153439153439153,
        "DT": 0.693121693121693,
        "RF": 0.6544973544973546,
        "NB": 0.6539682539682539,
        "LD": 0.5925925925925926,
        "MLP": 0.593121693121693
    },
    "Details_reduce_TSNE_13_dim": {
        "SVC": 0.6137566137566138,
        "DT": 0.5687830687830687,
        "RF": 0.47724867724867726,
        "NB": 0.5878306878306878,
        "LD": 0.49523809523809526,
        "MLP": 0.49153439153439155
    },
    "Details_reduce_TSNE_15_dim": {
        "SVC": 0.5624338624338624,
        "DT": 0.5227513227513227,
        "RF": 0.5455026455026455,
        "NB": 0.5629629629629629,
        "LD": 0.575132275132275,
        "MLP": 0.4550264550264551
    }
}