{"Details_reduce_PCA_5_dim": {"SVC": 0.693121693121693, "DT": 0.6222222222222222, "RF": 0.6492063492063492, "NB": 0.6714285714285714, "LD": 0.6560846560846562, "MLP": 0.6158730158730159}, "Details_reduce_PCA_10_dim": {"SVC": 0.6703703703703704, "DT": 0.5957671957671958, "RF": 0.6634920634920635, "NB": 0.647089947089947, "LD": 0.6169312169312169, "MLP": 0.607936507936508}, "Details_reduce_PCA_13_dim": {"SVC": 0.692063492063492, "DT": 0.5079365079365079, "RF": 0.6550264550264551, "NB": 0.6634920634920635, "LD": 0.6000000000000001, "MLP": 0.6682539682539683}, "Details_reduce_PCA_15_dim": {"SVC": 0.6862433862433863, "DT": 0.5788359788359788, "RF": 0.6476190476190475, "NB": 0.6708994708994709, "LD": 0.6084656084656085, "MLP": 0.6031746031746033}, "Details_reduce_TSNE_13_dim": {"SVC": 0.5380952380952382, "DT": 0.5232804232804233, "RF": 0.44497354497354497, "NB": 0.5857142857142859, "LD": 0.42380952380952386, "MLP": 0.43862433862433864}, "Details_reduce_TSNE_15_dim": {"SVC": 0.5238095238095238, "DT": 0.4978835978835979, "RF": 0.5137566137566137, "NB": 0.592063492063492, "LD": 0.492063492063492, "MLP": 0.49947089947089945}}