{
    "Totali": {
        "SVC": 0.6608465608465609,
        "DT": 0.555026455026455,
        "RF": 0.5756613756613757,
        "NB": 0.6925925925925925,
        "LD": 0.7132275132275132,
        "MLP": 0.6619047619047618
    }
}