{"Totali": {"SVC": 0.6656898656898657, "DT": 0.5693121693121692, "RF": 0.6588115588115588, "NB": 0.706064306064306, "LD": 0.7192104192104192, "MLP": 0.6827024827024827}, "Totali_with_BMI": {"SVC": 0.6901098901098901, "DT": 0.6285714285714286, "RF": 0.6536019536019535, "NB": 0.69010989010989, "LD": 0.7049247049247049, "MLP": 0.643996743996744}, "Totali_with_DATA": {"SVC": 0.6901098901098901, "DT": 0.6081807081807082, "RF": 0.6092389092389092, "NB": 0.69010989010989, "LD": 0.7049247049247049, "MLP": 0.6507936507936508}, "Totali_with_DATA_and_BMI": {"SVC": 0.7715913715913716, "DT": 0.6228327228327228, "RF": 0.6371998371998372, "NB": 0.7493691493691493, "LD": 0.7118030118030119, "MLP": 0.734025234025234}, "Details": {"SVC": 0.6918599918599918, "DT": 0.6235246235246235, "RF": 0.7004070004070004, "NB": 0.6359788359788361, "LD": 0.6433862433862434, "MLP": 0.5755799755799756}, "Details_reduce_PCA_5_dim": {"SVC": 0.6317460317460317, "DT": 0.5851851851851851, "RF": 0.617989417989418, "NB": 0.6708994708994709, "LD": 0.6391534391534391, "MLP": 0.6243386243386243}, "Details_reduce_PCA_10_dim": {"SVC": 0.6317460317460318, "DT": 0.5925925925925926, "RF": 0.616931216931217, "NB": 0.6703703703703704, "LD": 0.6015873015873017, "MLP": 0.6306878306878306}, "Details_reduce_PCA_13_dim": {"SVC": 0.6613756613756614, "DT": 0.6238095238095238, "RF": 0.6407407407407407, "NB": 0.6703703703703704, "LD": 0.6402116402116402, "MLP": 0.6142857142857143}, "Details_reduce_PCA_15_dim": {"SVC": 0.6613756613756614, "DT": 0.6306878306878307, "RF": 0.6941798941798941, "NB": 0.6555555555555556, "LD": 0.6783068783068783, "MLP": 0.6386243386243385}, "Details_reduce_TSNE_13_dim": {"SVC": 0.45449735449735446, "DT": 0.5772486772486772, "RF": 0.5603174603174603, "NB": 0.4767195767195767, "LD": 0.47513227513227513, "MLP": 0.4788359788359789}, "Details_reduce_TSNE_15_dim": {"SVC": 0.6052910052910053, "DT": 0.4936507936507937, "RF": 0.5402116402116403, "NB": 0.5164021164021163, "LD": 0.42857142857142855, "MLP": 0.5015873015873016}}