{"Totali": {"SVC": 0.6687830687830688, "DT": 0.6206349206349207, "RF": 0.6534391534391534, "NB": 0.6925925925925925, "LD": 0.7132275132275132, "MLP": 0.6666666666666666}, "Totali_with_BMI": {"SVC": 0.6222222222222222, "DT": 0.6148148148148148, "RF": 0.5925925925925926, "NB": 0.6857142857142857, "LD": 0.6899470899470899, "MLP": 0.683068783068783}, "Totali_with_DATA": {"SVC": 0.735978835978836, "DT": 0.5984126984126984, "RF": 0.6544973544973545, "NB": 0.729100529100529, "LD": 0.729100529100529, "MLP": 0.7671957671957672}, "Totali_with_DATA_and_BMI": {"SVC": 0.7433862433862433, "DT": 0.58994708994709, "RF": 0.6518518518518518, "NB": 0.7518518518518518, "LD": 0.7206349206349206, "MLP": 0.743915343915344}, "Details": {"SVC": 0.7402116402116402, "DT": 0.7084656084656085, "RF": 0.6232804232804232, "NB": 0.6317460317460318, "LD": 0.6386243386243386, "MLP": 0.601058201058201}, "Details_reduce_PCA_5_dim": {"SVC": 0.7010582010582012, "DT": 0.6227513227513227, "RF": 0.6455026455026455, "NB": 0.6714285714285714, "LD": 0.6560846560846562, "MLP": 0.6402116402116403}, "Details_reduce_PCA_10_dim": {"SVC": 0.6481481481481481, "DT": 0.5783068783068784, "RF": 0.6619047619047618, "NB": 0.6544973544973545, "LD": 0.6169312169312169, "MLP": 0.6301587301587301}, "Details_reduce_PCA_13_dim": {"SVC": 0.6703703703703705, "DT": 0.5693121693121692, "RF": 0.6164021164021164, "NB": 0.6708994708994709, "LD": 0.6000000000000001, "MLP": 0.6312169312169312}, "Details_reduce_PCA_15_dim": {"SVC": 0.7005291005291006, "DT": 0.598941798941799, "RF": 0.6777777777777778, "NB": 0.6708994708994709, "LD": 0.6238095238095238, "MLP": 0.6687830687830688}, "Details_reduce_TSNE_13_dim": {"SVC": 0.5761904761904761, "DT": 0.4846560846560846, "RF": 0.5544973544973545, "NB": 0.555026455026455, "LD": 0.40793650793650793, "MLP": 0.4687830687830688}, "Details_reduce_TSNE_15_dim": {"SVC": 0.48518518518518516, "DT": 0.5402116402116403, "RF": 0.5455026455026455, "NB": 0.5391534391534392, "LD": 0.49259259259259264, "MLP": 0.508994708994709}}