{"Details_reduce_PCA": {"SVC": 0.6856735856735856, "DT": 0.5785510785510785, "RF": 0.6855107855107855, "NB": 0.6678876678876678, "LD": 0.5887260887260887, "MLP": 0.6297924297924298}, "Details_reduced_TSNE": {"SVC": 0.5854293854293854, "DT": 0.4697598697598698, "RF": 0.49824989824989824, "NB": 0.5831501831501833, "LD": 0.38160358160358165, "MLP": 0.47655677655677653}}