{"Totali": {"SVC": 0.6667480667480667, "DT": 0.5603174603174603, "RF": 0.6229141229141228, "NB": 0.706064306064306, "LD": 0.7192104192104192, "MLP": 0.6741554741554742}, "Totali_with_BMI": {"SVC": 0.6667480667480667, "DT": 0.5682539682539682, "RF": 0.5927553927553928, "NB": 0.69010989010989, "LD": 0.7049247049247049, "MLP": 0.6667480667480667}, "Totali_with_data": {"SVC": 0.7715913715913716, "DT": 0.608017908017908, "RF": 0.631013431013431, "NB": 0.7271469271469271, "LD": 0.7180708180708181, "MLP": 0.7271469271469271}, "Totali_with_date_and_bmi": {"SVC": 0.7579161579161579, "DT": 0.6376475376475377, "RF": 0.6446072446072447, "NB": 0.7493691493691493, "LD": 0.7118030118030119, "MLP": 0.7266178266178266}, "Details": {"SVC": 0.6703296703296704, "DT": 0.6286528286528287, "RF": 0.6326007326007326, "NB": 0.6359788359788361, "LD": 0.6433862433862434, "MLP": 0.6006919006919007}, "Details_reduce_PCA": {"SVC": 0.6702482702482703, "DT": 0.5864061864061864, "RF": 0.6827024827024827, "NB": 0.665079365079365, "LD": 0.5881155881155881, "MLP": 0.6041514041514042}, "Details_reduced_TSNE": {"SVC": 0.5274318274318275, "DT": 0.5216117216117215, "RF": 0.45547415547415543, "NB": 0.5205535205535206, "LD": 0.4157916157916158, "MLP": 0.4402930402930403}, "Details_reduced_PCA_13_dim": {"SVC": 0.6702482702482703, "DT": 0.5864061864061864, "RF": 0.6827024827024827, "NB": 0.665079365079365, "LD": 0.5881155881155881, "MLP": 0.6041514041514042}, "Details_reduce_TSNE_10_dim": {"SVC": 0.5274318274318275, "DT": 0.5216117216117215, "RF": 0.45547415547415543, "NB": 0.5205535205535206, "LD": 0.4157916157916158, "MLP": 0.4402930402930403}}