{
    "Details_reduce_PCA_5_dim": {
        "SVC": 0.6549043549043548,
        "DT": 0.6081807081807082,
        "RF": 0.6605616605616605,
        "NB": 0.6707773707773708,
        "LD": 0.6456654456654457,
        "MLP": 0.6678876678876678
    },
    "Details_reduce_PCA_10_dim": {
        "SVC": 0.6622303622303622,
        "DT": 0.5563288563288563,
        "RF": 0.643996743996744,
        "NB": 0.643996743996744,
        "LD": 0.6234432234432234,
        "MLP": 0.6525437525437525
    },
    "Details_reduce_PCA_13_dim": {
        "SVC": 0.6856735856735856,
        "DT": 0.5990231990231991,
        "RF": 0.6092389092389092,
        "NB": 0.6678876678876678,
        "LD": 0.5887260887260887,
        "MLP": 0.6087098087098087
    },
    "Details_reduce_PCA_15_dim": {
        "SVC": 0.6617826617826618,
        "DT": 0.5177045177045176,
        "RF": 0.6405372405372406,
        "NB": 0.6594220594220594,
        "LD": 0.6228327228327228,
        "MLP": 0.5842083842083842
    },
    "Details_reduce_TSNE_13_dim": {
        "SVC": 0.5722018722018722,
        "DT": 0.5011396011396011,
        "RF": 0.5398453398453398,
        "NB": 0.5296296296296297,
        "LD": 0.4731379731379731,
        "MLP": 0.433984533984534
    },
    "Details_reduce_TSNE_15_dim": {
        "SVC": 0.5466422466422467,
        "DT": 0.529019129019129,
        "RF": 0.554049654049654,
        "NB": 0.5512413512413512,
        "LD": 0.5136752136752136,
        "MLP": 0.536955636955637
    }
}