{
	"Totali": {
		"SVC": 0.6687830687830688,
		"DT": 0.6164021164021164, 
		"RF": 0.6095238095238096, 
		"NB": 0.6925925925925925, 
		"LD": 0.7132275132275132, 
		"MLP": 0.6291005291005292
	}, 
	"Totali_with_BMI": {
		"SVC": 0.6222222222222222, 
		"DT": 0.5544973544973545, 
		"RF": 0.6227513227513227, 
		"NB": 0.6857142857142857, 
		"LD": 0.6899470899470899, 
		"MLP": 0.6455026455026455
	},
 	"Totali_with_DATA": {
		"SVC": 0.735978835978836, 
		"DT": 0.652910052910053, 
		"RF": 0.6216931216931217, 
		"NB": 0.729100529100529, 
		"LD": 0.729100529100529, 
		"MLP": 0.7121693121693121
	}, 
	"Totali_with_DATA_and_BMI": {
		"SVC": 0.7433862433862433, 
		"DT": 0.638095238095238, 
		"RF": 0.6153439153439153, 
		"NB": 0.7518518518518518, 
		"LD": 0.7206349206349206, 
		"MLP": 0.7671957671957671
	}, 
	"Details": {
		"SVC": 0.7402116402116402, 
		"DT": 0.7026455026455026, 
		"RF": 0.671957671957672, 
		"NB": 0.6317460317460318, 
		"LD": 0.6386243386243386, 
		"MLP": 0.656084656084656
	}, 
	"Details_reduce_PCA_5_dim": {	
		"SVC": 0.7010582010582012, 
		"DT": 0.6164021164021164, 
		"RF": 0.6550264550264551, 
		"NB": 0.6714285714285714, 
		"LD": 0.6560846560846562, 
		"MLP": 0.6476190476190475
	}, 
	"Details_reduce_PCA_10_dim": {
		"SVC": 0.6481481481481481, 
		"DT": 0.608994708994709, 
		"RF": 0.6624338624338625, 
		"NB": 0.6544973544973545, 
		"LD": 0.6169312169312169, 
		"MLP": 0.6402116402116402
	}, 
	"Details_reduce_PCA_13_dim": {
		"SVC": 0.6703703703703705, 
		"DT": 0.5687830687830688, 
		"RF": 0.71005291005291, 
		"NB": 0.6708994708994709, 
		"LD": 0.6000000000000001, 
		"MLP": 0.6074074074074074
	}, 
	"Details_reduce_PCA_15_dim": {
		"SVC": 0.7005291005291006, 
		"DT": 0.5925925925925927, 
		"RF": 0.6788359788359789, 
		"NB": 0.6708994708994709, 
		"LD": 0.6238095238095238, 
		"MLP": 0.6312169312169312
	}, 
	"Details_reduce_TSNE_13_dim": {
		"SVC": 0.5841269841269842, 
		"DT": 0.5153439153439154, 
		"RF": 0.4608465608465609, 
		"NB": 0.5703703703703703, 
		"LD": 0.4365079365079365, 
		"MLP": 0.5174603174603175
	},
	"Details_reduce_TSNE_15_dim": {
		"SVC": 0.42433862433862435, 
		"DT": 0.5634920634920636, 
		"RF": 0.5216931216931218, 
		"NB": 0.5862433862433863, 
		"LD": 0.3968253968253968, 
		"MLP": 0.43756613756613755
	}
}
