{"Totali": {"SVC": 0.6667480667480667, "DT": 0.5603174603174603, "RF": 0.6229141229141228, "NB": 0.706064306064306, "LD": 0.7192104192104192, "MLP": 0.6741554741554742}, "Totali_with_BMI": {"SVC": 0.6667480667480667, "DT": 0.5682539682539682, "RF": 0.5927553927553928, "NB": 0.69010989010989, "LD": 0.7049247049247049, "MLP": 0.6667480667480667}, "Totali_with_DATA": {"SVC": 0.7715913715913716, "DT": 0.608017908017908, "RF": 0.631013431013431, "NB": 0.7271469271469271, "LD": 0.7180708180708181, "MLP": 0.7271469271469271}, "Totali_with_DATA_and_BMI": {"SVC": 0.7579161579161579, "DT": 0.6376475376475377, "RF": 0.6446072446072447, "NB": 0.7493691493691493, "LD": 0.7118030118030119, "MLP": 0.7266178266178266}, "Details": {"SVC": 0.6703296703296704, "DT": 0.6286528286528287, "RF": 0.6326007326007326, "NB": 0.6359788359788361, "LD": 0.6433862433862434, "MLP": 0.6006919006919007}, "Details_reduce_PCA_5_dim": {"SVC": 0.6396825396825396, "DT": 0.5936507936507938, "RF": 0.6386243386243386, "NB": 0.6153439153439153, "LD": 0.6470899470899472, "MLP": 0.5846560846560847}, "Details_reduce_PCA_10_dim": {"SVC": 0.6857142857142856, "DT": 0.6862433862433862, "RF": 0.7232804232804232, "NB": 0.6613756613756614, "LD": 0.6095238095238096, "MLP": 0.5936507936507937}, "Details_reduce_PCA_13_dim": {"SVC": 0.6783068783068783, "DT": 0.6227513227513227, "RF": 0.6846560846560847, "NB": 0.6767195767195767, "LD": 0.5925925925925927, "MLP": 0.5767195767195766}, "Details_reduce_PCA_15_dim": {"SVC": 0.7153439153439153, "DT": 0.6074074074074074, "RF": 0.6925925925925926, "NB": 0.6539682539682539, "LD": 0.5925925925925926, "MLP": 0.607936507936508}, "Details_reduce_TSNE_13_dim": {"SVC": 0.5687830687830687, "DT": 0.46772486772486777, "RF": 0.5084656084656084, "NB": 0.564021164021164, "LD": 0.47619047619047616, "MLP": 0.49153439153439155}, "Details_reduce_TSNE_15_dim": {"SVC": 0.5915343915343916, "DT": 0.5333333333333334, "RF": 0.555026455026455, "NB": 0.5560846560846561, "LD": 0.5306878306878307, "MLP": 0.46137566137566144}}