{"Totali": {"SVC": 0.6608465608465609, "DT": 0.6317460317460317, "RF": 0.6074074074074074, "NB": 0.6925925925925925, "LD": 0.7132275132275132, "MLP": 0.6910052910052911}, "Totali_with_BMI": {"SVC": 0.6687830687830688, "DT": 0.584126984126984, "RF": 0.653968253968254, "NB": 0.6857142857142857, "LD": 0.6899470899470899, "MLP": 0.6523809523809523}, "Totali_with_DATA": {"SVC": 0.7746031746031746, "DT": 0.6132275132275132, "RF": 0.6746031746031745, "NB": 0.729100529100529, "LD": 0.729100529100529, "MLP": 0.728042328042328}, "Totali_with_DATA_and_BMI": {"SVC": 0.7365079365079364, "DT": 0.6613756613756614, "RF": 0.6232804232804232, "NB": 0.7518518518518518, "LD": 0.7206349206349206, "MLP": 0.7518518518518519}, "Details": {"SVC": 0.6857142857142856, "DT": 0.7021164021164021, "RF": 0.6608465608465609, "NB": 0.6317460317460318, "LD": 0.6386243386243386, "MLP": 0.5867724867724867}, "Details_reduce_PCA_5_dim": {"SVC": 0.6396825396825396, "DT": 0.6063492063492063, "RF": 0.6783068783068784, "NB": 0.6153439153439153, "LD": 0.6470899470899472, "MLP": 0.5783068783068783}, "Details_reduce_PCA_10_dim": {"SVC": 0.6857142857142856, "DT": 0.6396825396825396, "RF": 0.6793650793650794, "NB": 0.6613756613756614, "LD": 0.6095238095238096, "MLP": 0.5920634920634922}, "Details_reduce_PCA_13_dim": {"SVC": 0.6783068783068783, "DT": 0.608994708994709, "RF": 0.6851851851851852, "NB": 0.6767195767195767, "LD": 0.5925925925925927, "MLP": 0.6375661375661376}, "Details_reduce_PCA_15_dim": {"SVC": 0.7153439153439153, "DT": 0.6783068783068783, "RF": 0.6544973544973545, "NB": 0.6539682539682539, "LD": 0.5925925925925926, "MLP": 0.6296296296296297}, "Details_reduce_TSNE_13_dim": {"SVC": 0.4402116402116402, "DT": 0.44021164021164016, "RF": 0.5296296296296297, "NB": 0.553968253968254, "LD": 0.437037037037037, "MLP": 0.5232804232804232}, "Details_reduce_TSNE_15_dim": {"SVC": 0.5301587301587303, "DT": 0.42962962962962964, "RF": 0.4634920634920634, "NB": 0.5470899470899471, "LD": 0.48306878306878315, "MLP": 0.4158730158730159}}