{"Totali": {"SVC": 0.6656898656898657, "DT": 0.5693121693121692, "RF": 0.6588115588115588, "NB": 0.706064306064306, "LD": 0.7192104192104192, "MLP": 0.6827024827024827}, "Totali_with_BMI": {"SVC": 0.6901098901098901, "DT": 0.6285714285714286, "RF": 0.6536019536019535, "NB": 0.69010989010989, "LD": 0.7049247049247049, "MLP": 0.643996743996744}, "Totali_with_DATA": {"SVC": 0.6901098901098901, "DT": 0.6081807081807082, "RF": 0.6092389092389092, "NB": 0.69010989010989, "LD": 0.7049247049247049, "MLP": 0.6507936507936508}, "Totali_with_BMI_and_DATA": {"SVC": 0.7715913715913716, "DT": 0.6228327228327228, "RF": 0.6371998371998372, "NB": 0.7493691493691493, "LD": 0.7118030118030119, "MLP": 0.734025234025234}, "Details": {"SVC": 0.6918599918599918, "DT": 0.6235246235246235, "RF": 0.7004070004070004, "NB": 0.6359788359788361, "LD": 0.6433862433862434, "MLP": 0.5755799755799756}, "Details_reduce_PCA": {"SVC": 0.6514855514855514, "DT": 0.6365893365893366, "RF": 0.6445258445258446, "NB": 0.6582824582824583, "LD": 0.6501831501831502, "MLP": 0.536874236874237}, "Details_reduced_TSNE": {"SVC": 0.5001221001221001, "DT": 0.4498168498168498, "RF": 0.49381359381359385, "NB": 0.5352869352869353, "LD": 0.4003663003663004, "MLP": 0.46076516076516083}}