{
	"Totali": {
		"SVC": 0.6608465608465609, 
		"DT": 0.5629629629629629, 
		"RF": 0.6465608465608466, 
		"NB": 0.6925925925925925, 
		"LD": 0.7132275132275132, 
		"MLP": 0.6984126984126984
	}, 
	"Totali_with_BMI": {
		"SVC": 0.6687830687830688, 
		"DT": 0.5645502645502645, 
		"RF": 0.638095238095238, 
		"NB": 0.6857142857142857, 
		"LD": 0.6899470899470899, 
		"MLP": 0.6920634920634919
	}, 
	"Totali_with_DATA": {
		"SVC": 0.7746031746031746, 
		"DT": 0.6142857142857143, 
		"RF": 0.5756613756613755, 
		"NB": 0.729100529100529, 
		"LD": 0.729100529100529, 
		"MLP": 0.7449735449735448
	}, 
	"Totali_with_DATA_and_BMI": {
		"SVC": 0.7365079365079364, 
		"DT": 0.6312169312169311, 
		"RF": 0.5978835978835979, 
		"NB": 0.7518518518518518, 
		"LD": 0.7206349206349206, 
		"MLP": 0.7222222222222222
	}, 
	"Details": {
		"SVC": 0.6857142857142856, 
		"DT": 0.6804232804232804, 
		"RF": 0.6777777777777778, 
		"NB": 0.6317460317460318, 
		"LD": 0.6386243386243386, 
		"MLP": 0.6328042328042328
	}, 
	"Details_reduce_PCA_5_dim": {
		"SVC": 0.6396825396825396, 
		"DT": 0.6010582010582011, 
		"RF": 0.598941798941799, 
		"NB": 0.6153439153439153, 
		"LD": 0.6470899470899472, 
		"MLP": 0.6264550264550265
	}, 
	"Details_reduce_PCA_10_dim": {
		"SVC": 0.6857142857142856, 
		"DT": 0.6788359788359788, 
		"RF": 0.6994708994708994, 
		"NB": 0.6613756613756614, 
		"LD": 0.6095238095238096, 
		"MLP": 0.6185185185185185
	},
 	"Details_reduce_PCA_13_dim": {
		"SVC": 0.6783068783068783, 
		"DT": 0.6455026455026456, 
		"RF": 0.7010582010582009, 
		"NB": 0.6767195767195767, 
		"LD": 0.5925925925925927, 
		"MLP": 0.6238095238095238
	}, 
	"Details_reduce_PCA_15_dim": {
		"SVC": 0.7153439153439153, 
		"DT": 0.5767195767195766, 
		"RF": 0.6386243386243385, 
		"NB": 0.6539682539682539, 
		"LD": 0.5925925925925926, 
		"MLP": 0.6544973544973545
	}, 
	"Details_reduce_TSNE_13_dim": {
		"SVC": 0.5164021164021163, 
		"DT": 0.43862433862433864, 
		"RF": 0.5185185185185186, 
		"NB": 0.5613756613756613, 
		"LD": 0.48465608465608473, 
		"MLP": 0.39365079365079364
	}, 
	"Details_reduce_TSNE_15_dim": {
		"SVC": 0.5328042328042328, 
		"DT": 0.5084656084656084, 
		"RF": 0.5560846560846562, 
		"NB": 0.5788359788359788, 
		"LD": 0.49312169312169307, 
		"MLP": 0.4767195767195767
	}
}
